--------------------------------------------------------
--  DDL for Package Body Z_A01_INSERTS_CATALOGOS
--------------------------------------------------------

  CREATE OR REPLACE PACKAGE BODY "SINTAGMA_U"."Z_A01_INSERTS_CATALOGOS" AS

  PROCEDURE A0_DM_TIPUS_TELEFON IS
  BEGIN
            INSERT INTO A0_DM_TIPUS_TELEFON (ID, DESCRIPCIO, DATA_CREACIO, DATA_ESBORRAT, DATA_MODIFICACIO, USUARI_CREACIO, USUARI_ESBORRAT, USUARI_MODIFICACIO, ID_ORIGINAL, ESQUEMA_ORIGINAL, TABLA_ORIGINAL) VALUES (1,'Telefon fix',SYSDATE,NULL,NULL,'MIGRACIO',NULL,NULL,NULL,NULL,NULL);
            INSERT INTO A0_DM_TIPUS_TELEFON (ID, DESCRIPCIO, DATA_CREACIO, DATA_ESBORRAT, DATA_MODIFICACIO, USUARI_CREACIO, USUARI_ESBORRAT, USUARI_MODIFICACIO, ID_ORIGINAL, ESQUEMA_ORIGINAL, TABLA_ORIGINAL) VALUES (2,'Telefon mobil',SYSDATE,NULL,NULL,'MIGRACIO',NULL,NULL,NULL,NULL,NULL);
            INSERT INTO A0_DM_TIPUS_TELEFON (ID, DESCRIPCIO, DATA_CREACIO, DATA_ESBORRAT, DATA_MODIFICACIO, USUARI_CREACIO, USUARI_ESBORRAT, USUARI_MODIFICACIO, ID_ORIGINAL, ESQUEMA_ORIGINAL, TABLA_ORIGINAL) VALUES (3,'Fax',SYSDATE,NULL,NULL,'MIGRACIO',NULL,NULL,NULL,NULL,NULL);

        COMMIT;
    NULL;
  END A0_DM_TIPUS_TELEFON;


  PROCEDURE A0_DM_TIPUS_SUBJECTE IS  
  BEGIN
  
                INSERT INTO A0_DM_TIPUS_SUBJECTE (ID, DESCRIPCIO, DATA_CREACIO, DATA_ESBORRAT, DATA_MODIFICACIO, USUARI_CREACIO, USUARI_ESBORRAT, USUARI_MODIFICACIO,CODI, ID_ORIGINAL, ESQUEMA_ORIGINAL, TABLA_ORIGINAL) VALUES (1,'Persona',SYSDATE,NULL,NULL,'MIGRACIO',NULL,NULL,'Persona',NULL,NULL,NULL);
                INSERT INTO A0_DM_TIPUS_SUBJECTE (ID, DESCRIPCIO, DATA_CREACIO, DATA_ESBORRAT, DATA_MODIFICACIO, USUARI_CREACIO, USUARI_ESBORRAT, USUARI_MODIFICACIO,CODI, ID_ORIGINAL, ESQUEMA_ORIGINAL, TABLA_ORIGINAL) VALUES (2,'Entitat',SYSDATE,NULL,NULL,'MIGRACIO',NULL,NULL,'Entitat',NULL,NULL,NULL);

  
  NULL;
  END;


  PROCEDURE A0_DM_AMBIT IS
  BEGIN
  
        INSERT INTO A0_DM_AMBIT (ID, DESCRIPCIO, DATA_CREACIO, DATA_ESBORRAT, DATA_MODIFICACIO, USUARI_CREACIO, USUARI_ESBORRAT, USUARI_MODIFICACIO,CODI, ID_ORIGINAL, ESQUEMA_ORIGINAL, TABLA_ORIGINAL) VALUES  (1,'Alcaldia',SYSDATE,NULL,NULL,'MIGRACIO',NULL,NULL,'ALCALDIA',NULL,NULL,NULL);
        INSERT INTO A0_DM_AMBIT (ID, DESCRIPCIO, DATA_CREACIO, DATA_ESBORRAT, DATA_MODIFICACIO, USUARI_CREACIO, USUARI_ESBORRAT, USUARI_MODIFICACIO,CODI, ID_ORIGINAL, ESQUEMA_ORIGINAL, TABLA_ORIGINAL) VALUES  (2,'Protocol',SYSDATE,NULL,NULL,'MIGRACIO',NULL,NULL,'PROTOCOL',NULL,NULL,NULL);

  
  COMMIT;
  END;


  PROCEDURE A0_DM_CONF_FUN_VISUALS IS
  BEGIN
            --Literales tal como están.
            INSERT INTO A0_DM_CONF_FUN_VISUALS(ID,DESCRIPCIO,AMBIT_ID,USUARI_CREACIO, DATA_CREACIO) 
                        VALUES (1, 'CONTACTES_PERSONES_RELACIONADES', 1, 'SYSTEM', CURRENT_TIMESTAMP);
            INSERT INTO A0_DM_CONF_FUN_VISUALS(ID,DESCRIPCIO,AMBIT_ID,USUARI_CREACIO, DATA_CREACIO) 
                        VALUES (2, 'CONTACTES_TELEFONS_PRIVATS', 1, 'SYSTEM', CURRENT_TIMESTAMP);
            INSERT INTO A0_DM_CONF_FUN_VISUALS(ID,DESCRIPCIO,AMBIT_ID,USUARI_CREACIO, DATA_CREACIO) 
                        VALUES (3, 'CONTACTES_VISIBILITAT', 1, 'SYSTEM', CURRENT_TIMESTAMP);
            INSERT INTO A0_DM_CONF_FUN_VISUALS(ID,DESCRIPCIO,AMBIT_ID,USUARI_CREACIO, DATA_CREACIO) 
                        VALUES (4, 'TRUCADES', 1, 'SYSTEM', CURRENT_TIMESTAMP);
            INSERT INTO A0_DM_CONF_FUN_VISUALS(ID,DESCRIPCIO,AMBIT_ID,USUARI_CREACIO, DATA_CREACIO) 
                        VALUES (5, 'CONTACTES_DADES_QUALITAT', 1, 'SYSTEM', CURRENT_TIMESTAMP);
            INSERT INTO A0_DM_CONF_FUN_VISUALS(ID,DESCRIPCIO,AMBIT_ID,USUARI_CREACIO, DATA_CREACIO) 
                        VALUES (6, 'CONTACTES_CLASSIFICACIONS', 2, 'SYSTEM', CURRENT_TIMESTAMP);
            INSERT INTO A0_DM_CONF_FUN_VISUALS(ID,DESCRIPCIO,AMBIT_ID,USUARI_CREACIO, DATA_CREACIO) 
                        VALUES (7, 'CONTACTES_PRIORITAT', 2, 'SYSTEM', CURRENT_TIMESTAMP);
            INSERT INTO A0_DM_CONF_FUN_VISUALS(ID,DESCRIPCIO,AMBIT_ID,USUARI_CREACIO, DATA_CREACIO) 
                        VALUES (8, 'CONTACTES_ACOMPANYANT', 2, 'SYSTEM', CURRENT_TIMESTAMP);
            INSERT INTO A0_DM_CONF_FUN_VISUALS(ID,DESCRIPCIO,AMBIT_ID,USUARI_CREACIO, DATA_CREACIO) 
                        VALUES (9, 'CONTACTES_ACTES', 2, 'SYSTEM', CURRENT_TIMESTAMP);
            INSERT INTO A0_DM_CONF_FUN_VISUALS(ID,DESCRIPCIO,AMBIT_ID,USUARI_CREACIO, DATA_CREACIO) 
                        VALUES (10, 'CONTACTES_OBSEQUIS', 2, 'SYSTEM', CURRENT_TIMESTAMP);
            INSERT INTO A0_DM_CONF_FUN_VISUALS(ID,DESCRIPCIO,AMBIT_ID,USUARI_CREACIO, DATA_CREACIO) 
                        VALUES (11, 'ACTES', 2, 'SYSTEM', CURRENT_TIMESTAMP);

  
  
  COMMIT;
  END;


    
  PROCEDURE A0_DM_PRIORITAT IS
  BEGIN
  
              INSERT INTO A0_DM_PRIORITAT (ID, DESCRIPCIO, DATA_CREACIO, DATA_ESBORRAT, DATA_MODIFICACIO, USUARI_CREACIO, USUARI_ESBORRAT, USUARI_MODIFICACIO, AMBIT_ID, ID_ORIGINAL, ESQUEMA_ORIGINAL, TABLA_ORIGINAL) VALUES (1, 'S.C.', SYSDATE, NULL, NULL, 'MIGRACIO', NULL, NULL, 2,NULL,NULL,NULL);
              INSERT INTO A0_DM_PRIORITAT (ID, DESCRIPCIO, DATA_CREACIO, DATA_ESBORRAT, DATA_MODIFICACIO, USUARI_CREACIO, USUARI_ESBORRAT, USUARI_MODIFICACIO, AMBIT_ID, ID_ORIGINAL, ESQUEMA_ORIGINAL, TABLA_ORIGINAL) VALUES (2, 'Prioritat 2', SYSDATE, NULL, NULL, 'MIGRACIO', NULL, NULL, 2,NULL,NULL,NULL);
              INSERT INTO A0_DM_PRIORITAT (ID, DESCRIPCIO, DATA_CREACIO, DATA_ESBORRAT, DATA_MODIFICACIO, USUARI_CREACIO, USUARI_ESBORRAT, USUARI_MODIFICACIO, AMBIT_ID, ID_ORIGINAL, ESQUEMA_ORIGINAL, TABLA_ORIGINAL) VALUES (3, 'Prioritat 3', SYSDATE, NULL, NULL, 'MIGRACIO', NULL, NULL, 2,NULL,NULL,NULL);
              INSERT INTO A0_DM_PRIORITAT (ID, DESCRIPCIO, DATA_CREACIO, DATA_ESBORRAT, DATA_MODIFICACIO, USUARI_CREACIO, USUARI_ESBORRAT, USUARI_MODIFICACIO, AMBIT_ID, ID_ORIGINAL, ESQUEMA_ORIGINAL, TABLA_ORIGINAL) VALUES (4, 'Prioritat 4', SYSDATE, NULL, NULL, 'MIGRACIO', NULL, NULL, 2,NULL,NULL,NULL);

  
  COMMIT;
  END;
  
  
  PROCEDURE A0_DM_TIPOLOGIA_OBSEQUI IS
  BEGIN
  
        INSERT INTO A0_DM_TIPOLOGIA_OBSEQUI (ID, DESCRIPCIO, DATA_CREACIO, DATA_ESBORRAT, DATA_MODIFICACIO, USUARI_CREACIO, USUARI_ESBORRAT, USUARI_MODIFICACIO, ID_ORIGINAL, ESQUEMA_ORIGINAL, TABLA_ORIGINAL) VALUES (1,'Jocs florals',SYSDATE,NULL,NULL,'MIGRACIO',NULL,NULL,NULL,NULL,NULL);
        INSERT INTO A0_DM_TIPOLOGIA_OBSEQUI (ID, DESCRIPCIO, DATA_CREACIO, DATA_ESBORRAT, DATA_MODIFICACIO, USUARI_CREACIO, USUARI_ESBORRAT, USUARI_MODIFICACIO, ID_ORIGINAL, ESQUEMA_ORIGINAL, TABLA_ORIGINAL) VALUES (2,'Medalles',SYSDATE,NULL,NULL,'MIGRACIO',NULL,NULL,NULL,NULL,NULL);
        INSERT INTO A0_DM_TIPOLOGIA_OBSEQUI (ID, DESCRIPCIO, DATA_CREACIO, DATA_ESBORRAT, DATA_MODIFICACIO, USUARI_CREACIO, USUARI_ESBORRAT, USUARI_MODIFICACIO, ID_ORIGINAL, ESQUEMA_ORIGINAL, TABLA_ORIGINAL) VALUES (3,'Concerts',SYSDATE,NULL,NULL,'MIGRACIO',NULL,NULL,NULL,NULL,NULL);
        INSERT INTO A0_DM_TIPOLOGIA_OBSEQUI (ID, DESCRIPCIO, DATA_CREACIO, DATA_ESBORRAT, DATA_MODIFICACIO, USUARI_CREACIO, USUARI_ESBORRAT, USUARI_MODIFICACIO, ID_ORIGINAL, ESQUEMA_ORIGINAL, TABLA_ORIGINAL) VALUES (4,'Objectes varis',SYSDATE,NULL,NULL,'MIGRACIO',NULL,NULL,NULL,NULL,NULL);
        INSERT INTO A0_DM_TIPOLOGIA_OBSEQUI (ID, DESCRIPCIO, DATA_CREACIO, DATA_ESBORRAT, DATA_MODIFICACIO, USUARI_CREACIO, USUARI_ESBORRAT, USUARI_MODIFICACIO, ID_ORIGINAL, ESQUEMA_ORIGINAL, TABLA_ORIGINAL) VALUES (5,'Fotos i video',SYSDATE,NULL,NULL,'MIGRACIO',NULL,NULL,NULL,NULL,NULL);
  
  
  COMMIT;
  END;
  
  PROCEDURE A0_DM_OBSEQUI IS
  BEGIN
  
        INSERT INTO A0_DM_OBSEQUI (ID, DESCRIPCIO, VALOR, DATA_CREACIO, DATA_ESBORRAT, DATA_MODIFICACIO, USUARI_CREACIO, USUARI_ESBORRAT, USUARI_MODIFICACIO,TIPOLOGIA_OBSEQUI_ID, ID_ORIGINAL, ESQUEMA_ORIGINAL, TABLA_ORIGINAL) VALUES (5,'Fotos papaer - NO',1,SYSDATE,NULL,NULL,'MIGRACIO',NULL,NULL,5,NULL,NULL,NULL);
        INSERT INTO A0_DM_OBSEQUI (ID, DESCRIPCIO, VALOR, DATA_CREACIO, DATA_ESBORRAT, DATA_MODIFICACIO, USUARI_CREACIO, USUARI_ESBORRAT, USUARI_MODIFICACIO,TIPOLOGIA_OBSEQUI_ID, ID_ORIGINAL, ESQUEMA_ORIGINAL, TABLA_ORIGINAL) VALUES (4,'Fotos papaer - SI',1,SYSDATE,NULL,NULL,'MIGRACIO',NULL,NULL,5,NULL,NULL,NULL);
        INSERT INTO A0_DM_OBSEQUI (ID, DESCRIPCIO, VALOR, DATA_CREACIO, DATA_ESBORRAT, DATA_MODIFICACIO, USUARI_CREACIO, USUARI_ESBORRAT, USUARI_MODIFICACIO,TIPOLOGIA_OBSEQUI_ID, ID_ORIGINAL, ESQUEMA_ORIGINAL, TABLA_ORIGINAL) VALUES (3,'CD -  NO',1,SYSDATE,NULL,NULL,'MIGRACIO',NULL,NULL,5,NULL,NULL,NULL);
        INSERT INTO A0_DM_OBSEQUI (ID, DESCRIPCIO, VALOR, DATA_CREACIO, DATA_ESBORRAT, DATA_MODIFICACIO, USUARI_CREACIO, USUARI_ESBORRAT, USUARI_MODIFICACIO,TIPOLOGIA_OBSEQUI_ID, ID_ORIGINAL, ESQUEMA_ORIGINAL, TABLA_ORIGINAL) VALUES (2,'CD -  SI',1,SYSDATE,NULL,NULL,'MIGRACIO',NULL,NULL,5,NULL,NULL,NULL);
        INSERT INTO A0_DM_OBSEQUI (ID, DESCRIPCIO, VALOR, DATA_CREACIO, DATA_ESBORRAT, DATA_MODIFICACIO, USUARI_CREACIO, USUARI_ESBORRAT, USUARI_MODIFICACIO,TIPOLOGIA_OBSEQUI_ID, ID_ORIGINAL, ESQUEMA_ORIGINAL, TABLA_ORIGINAL) VALUES (6,'CD - SI (FOTOS i VIDEO)',1,SYSDATE,NULL,NULL,'MIGRACIO',NULL,NULL,5,NULL,NULL,NULL);

  
  
  COMMIT;
  END;
  
  PROCEDURE A0_DM_VISIBILITAT IS
  BEGIN 
  
            INSERT INTO A0_DM_VISIBILITAT (ID, DESCRIPCIO, DATA_CREACIO, DATA_ESBORRAT, DATA_MODIFICACIO, USUARI_CREACIO, USUARI_ESBORRAT, USUARI_MODIFICACIO,CODI, ID_ORIGINAL, ESQUEMA_ORIGINAL, TABLA_ORIGINAL) VALUES (1,'Pública',SYSDATE,NULL,NULL,'MIGRACIO',NULL,NULL,'Pública',NULL,NULL,NULL);
            INSERT INTO A0_DM_VISIBILITAT (ID, DESCRIPCIO, DATA_CREACIO, DATA_ESBORRAT, DATA_MODIFICACIO, USUARI_CREACIO, USUARI_ESBORRAT, USUARI_MODIFICACIO,CODI, ID_ORIGINAL, ESQUEMA_ORIGINAL, TABLA_ORIGINAL) VALUES (2,'Privada',SYSDATE,NULL,NULL,'MIGRACIO',NULL,NULL,'Privada',NULL,NULL,NULL);
            INSERT INTO A0_DM_VISIBILITAT (ID, DESCRIPCIO, DATA_CREACIO, DATA_ESBORRAT, DATA_MODIFICACIO, USUARI_CREACIO, USUARI_ESBORRAT, USUARI_MODIFICACIO,CODI, ID_ORIGINAL, ESQUEMA_ORIGINAL, TABLA_ORIGINAL) VALUES (3,'Alcaldia',SYSDATE,NULL,NULL,'MIGRACIO',NULL,NULL,'Alcaldia',NULL,NULL,NULL);
            INSERT INTO A0_DM_VISIBILITAT (ID, DESCRIPCIO, DATA_CREACIO, DATA_ESBORRAT, DATA_MODIFICACIO, USUARI_CREACIO, USUARI_ESBORRAT, USUARI_MODIFICACIO,CODI, ID_ORIGINAL, ESQUEMA_ORIGINAL, TABLA_ORIGINAL) VALUES (4,'Protocolo',SYSDATE,NULL,NULL,'MIGRACIO',NULL,NULL,'Protocolo',NULL,NULL,NULL);
            INSERT INTO A0_DM_VISIBILITAT (ID, DESCRIPCIO, DATA_CREACIO, DATA_ESBORRAT, DATA_MODIFICACIO, USUARI_CREACIO, USUARI_ESBORRAT, USUARI_MODIFICACIO,CODI, ID_ORIGINAL, ESQUEMA_ORIGINAL, TABLA_ORIGINAL) VALUES (5,'Gabinet',SYSDATE,NULL,NULL,'MIGRACIO',NULL,NULL,'Gabinet',NULL,NULL,NULL);

  COMMIT;
  END;
  
  PROCEDURE A0_DM_TIPUS_CONTACTE IS
  BEGIN
  
          INSERT INTO A0_DM_TIPUS_CONTACTE (ID, DESCRIPCIO, DATA_CREACIO, DATA_ESBORRAT, DATA_MODIFICACIO, USUARI_CREACIO, USUARI_ESBORRAT, USUARI_MODIFICACIO, CODI, ID_ORIGINAL, ESQUEMA_ORIGINAL, TABLA_ORIGINAL) VALUES  (1,'Personal',SYSDATE,NULL,NULL,'MIGRACIO',NULL,NULL,'Personal',NULL,NULL,NULL);
          INSERT INTO A0_DM_TIPUS_CONTACTE (ID, DESCRIPCIO, DATA_CREACIO, DATA_ESBORRAT, DATA_MODIFICACIO, USUARI_CREACIO, USUARI_ESBORRAT, USUARI_MODIFICACIO, CODI, ID_ORIGINAL, ESQUEMA_ORIGINAL, TABLA_ORIGINAL) VALUES  (2,'Profesional',SYSDATE,NULL,NULL,'MIGRACIO',NULL,NULL,'Profesional',NULL,NULL,NULL);
  
  COMMIT;
  END;

  PROCEDURE A0_DM_IDIOMA IS
  BEGIN
  
          INSERT INTO A0_DM_IDIOMA(ID, DESCRIPCIO, DATA_CREACIO, DATA_ESBORRAT, DATA_MODIFICACIO, USUARI_CREACIO, USUARI_ESBORRAT, USUARI_MODIFICACIO, ID_ORIGINAL, ESQUEMA_ORIGINAL, TABLA_ORIGINAL) VALUES  (1,'Castellà',SYSDATE,NULL,NULL,'MIGRACIO',NULL,NULL,NULL,NULL,NULL);
          INSERT INTO A0_DM_IDIOMA(ID, DESCRIPCIO, DATA_CREACIO, DATA_ESBORRAT, DATA_MODIFICACIO, USUARI_CREACIO, USUARI_ESBORRAT, USUARI_MODIFICACIO, ID_ORIGINAL, ESQUEMA_ORIGINAL, TABLA_ORIGINAL) VALUES  (2,'Anglés',SYSDATE,NULL,NULL,'MIGRACIO',NULL,NULL,NULL,NULL,NULL);
          INSERT INTO A0_DM_IDIOMA(ID, DESCRIPCIO, DATA_CREACIO, DATA_ESBORRAT, DATA_MODIFICACIO, USUARI_CREACIO, USUARI_ESBORRAT, USUARI_MODIFICACIO, ID_ORIGINAL, ESQUEMA_ORIGINAL, TABLA_ORIGINAL) VALUES  (3,'Català',SYSDATE,NULL,NULL,'MIGRACIO',NULL,NULL,NULL,NULL,NULL);
          INSERT INTO A0_DM_IDIOMA(ID, DESCRIPCIO, DATA_CREACIO, DATA_ESBORRAT, DATA_MODIFICACIO, USUARI_CREACIO, USUARI_ESBORRAT, USUARI_MODIFICACIO, ID_ORIGINAL, ESQUEMA_ORIGINAL, TABLA_ORIGINAL) VALUES  (4,'Francés',SYSDATE,NULL,NULL,'MIGRACIO',NULL,NULL,NULL,NULL,NULL);
  
  COMMIT;
  END; 


  PROCEDURE A0_DM_TIPOLOGIA_CLASSIFICACIO IS
  BEGIN
  
            INSERT INTO A0_DM_TIPOLOGIA_CLASSIFICACIO (ID, DESCRIPCIO, DATA_CREACIO, DATA_ESBORRAT, DATA_MODIFICACIO, USUARI_CREACIO, USUARI_ESBORRAT, USUARI_MODIFICACIO, AMBIT_ID, ID_ORIGINAL, ESQUEMA_ORIGINAL, TABLA_ORIGINAL) values (1,'Tipus 1',SYSDATE,NULL,NULL,'MIGRACIO',NULL,NULL,2,NULL,NULL,NULL);
            INSERT INTO A0_DM_TIPOLOGIA_CLASSIFICACIO (ID, DESCRIPCIO, DATA_CREACIO, DATA_ESBORRAT, DATA_MODIFICACIO, USUARI_CREACIO, USUARI_ESBORRAT, USUARI_MODIFICACIO, AMBIT_ID, ID_ORIGINAL, ESQUEMA_ORIGINAL, TABLA_ORIGINAL) values(2,'Tipus 2',SYSDATE,NULL,NULL,'MIGRACIO',NULL,NULL,2,NULL,NULL,NULL);
            INSERT INTO A0_DM_TIPOLOGIA_CLASSIFICACIO (ID, DESCRIPCIO, DATA_CREACIO, DATA_ESBORRAT, DATA_MODIFICACIO, USUARI_CREACIO, USUARI_ESBORRAT, USUARI_MODIFICACIO, AMBIT_ID, ID_ORIGINAL, ESQUEMA_ORIGINAL, TABLA_ORIGINAL) values(3,'Tipus 3',SYSDATE,NULL,NULL,'MIGRACIO',NULL,NULL,2,NULL,NULL,NULL);
            INSERT INTO A0_DM_TIPOLOGIA_CLASSIFICACIO (ID, DESCRIPCIO, DATA_CREACIO, DATA_ESBORRAT, DATA_MODIFICACIO, USUARI_CREACIO, USUARI_ESBORRAT, USUARI_MODIFICACIO, AMBIT_ID, ID_ORIGINAL, ESQUEMA_ORIGINAL, TABLA_ORIGINAL) values(4,'Tipus 4',SYSDATE,NULL,NULL,'MIGRACIO',NULL,NULL,2,NULL,NULL,NULL);

  
  COMMIT;
  END;
  
  PROCEDURE A0_DM_SENTIT_TRUCADA IS
  BEGIN
  
            Insert into A0_DM_SENTIT_TRUCADA (ID,DESCRIPCIO,DATA_CREACIO,DATA_ESBORRAT,DATA_MODIFICACIO,USUARI_CREACIO,USUARI_ESBORRAT,USUARI_MODIFICACIO, ID_ORIGINAL, ESQUEMA_ORIGINAL, TABLA_ORIGINAL) values ('2','Entrada',SYSDATE,NULL,NULL,'MIGRACIO',NULL,NULL,NULL,NULL,NULL);
            Insert into A0_DM_SENTIT_TRUCADA (ID,DESCRIPCIO,DATA_CREACIO,DATA_ESBORRAT,DATA_MODIFICACIO,USUARI_CREACIO,USUARI_ESBORRAT,USUARI_MODIFICACIO, ID_ORIGINAL, ESQUEMA_ORIGINAL, TABLA_ORIGINAL) values ('1','Sortida',SYSDATE,NULL,NULL,'MIGRACIO',NULL,NULL,NULL,NULL,NULL);

  
  COMMIT;
  END;
  
  
  PROCEDURE A0_DM_AFECTA_AGENDA IS 
  BEGIN
  
            Insert into A0_DM_AFECTA_AGENDA (ID,DESCRIPCIO,DATA_CREACIO,DATA_ESBORRAT,DATA_MODIFICACIO,USUARI_CREACIO,USUARI_ESBORRAT,USUARI_MODIFICACIO,AMBIT_ID, ID_ORIGINAL, ESQUEMA_ORIGINAL, TABLA_ORIGINAL) values ('0','No',SYSDATE,NULL,NULL,'MIGRACIO',NULL,NULL,1,NULL,NULL,NULL);
            Insert into A0_DM_AFECTA_AGENDA (ID,DESCRIPCIO,DATA_CREACIO,DATA_ESBORRAT,DATA_MODIFICACIO,USUARI_CREACIO,USUARI_ESBORRAT,USUARI_MODIFICACIO,AMBIT_ID, ID_ORIGINAL, ESQUEMA_ORIGINAL, TABLA_ORIGINAL) values ('1','Sí',SYSDATE,NULL,NULL,'MIGRACIO',NULL,NULL,1,NULL,NULL,NULL);

  
  COMMIT;
  END;
  
  
  PROCEDURE A0_DM_TIPUS_AMBIT IS
  BEGIN
  
            INSERT INTO A0_DM_TIPUS_AMBIT (ID, DESCRIPCIO, DATA_CREACIO, DATA_MODIFICACIO, DATA_ESBORRAT, USUARI_CREACIO, USUARI_MODIFICACIO, USUARI_ESBORRAT,AMBIT_ID, ID_ORIGINAL, ESQUEMA_ORIGINAL, TABLA_ORIGINAL) VALUES(1, 'Tipus alcaldia',SYSDATE,NULL,NULL,'MIGRACIO',NULL,NULL,1,NULL,NULL,NULL);

  COMMIT;
  END;
  
  
  PROCEDURE A0_DM_BARRI IS
  BEGIN
  
            INSERT INTO A0_DM_BARRI (ID, DESCRIPCIO, DATA_CREACIO, DATA_MODIFICACIO, DATA_ESBORRAT, USUARI_CREACIO, USUARI_MODIFICACIO, USUARI_ESBORRAT, AMBIT_ID, ID_ORIGINAL, ESQUEMA_ORIGINAL, TABLA_ORIGINAL) VALUES(0, 'Sense definir',SYSDATE,NULL,NULL,'MIGRACIO',NULL,NULL,1,NULL,NULL,NULL);

  COMMIT;
  END;
  
  
  PROCEDURE A0_DM_SECTOR IS
  BEGIN
  
          INSERT INTO A0_DM_SECTOR (ID, DESCRIPCIO, DATA_CREACIO, DATA_MODIFICACIO, DATA_ESBORRAT, USUARI_CREACIO, USUARI_MODIFICACIO, USUARI_ESBORRAT, ID_ORIGINAL, ESQUEMA_ORIGINAL, TABLA_ORIGINAL) VALUES(0, 'Sense Definir',SYSDATE,NULL,NULL,'MIGRACIO',NULL,NULL,NULL,NULL,NULL);
  
  COMMIT;
  END;
  
  PROCEDURE A0_DM_DECISIO_ASSISTENCIA IS
  BEGIN
  
        INSERT INTO A0_DM_DECISIO_ASSISTENCIA (ID, CODI, DESCRIPCIO, DATA_CREACIO, DATA_ESBORRAT, DATA_MODIFICACIO, USUARI_CREACIO, USUARI_ESBORRAT, USUARI_MODIFICACIO, ID_ORIGINAL, ESQUEMA_ORIGINAL, TABLA_ORIGINAL) VALUES(1, 'NO', 'No', SYSDATE, NULL, NULL, 'MIGRACIO', NULL, NULL, NULL, NULL, NULL);
        INSERT INTO A0_DM_DECISIO_ASSISTENCIA (ID, CODI, DESCRIPCIO, DATA_CREACIO, DATA_ESBORRAT, DATA_MODIFICACIO, USUARI_CREACIO, USUARI_ESBORRAT, USUARI_MODIFICACIO, ID_ORIGINAL, ESQUEMA_ORIGINAL, TABLA_ORIGINAL) VALUES(2, 'SI', 'Si', SYSDATE, NULL, NULL, 'MIGRACIO', NULL, NULL, NULL, NULL, NULL);
        INSERT INTO A0_DM_DECISIO_ASSISTENCIA (ID, CODI, DESCRIPCIO, DATA_CREACIO, DATA_ESBORRAT, DATA_MODIFICACIO, USUARI_CREACIO, USUARI_ESBORRAT, USUARI_MODIFICACIO, ID_ORIGINAL, ESQUEMA_ORIGINAL, TABLA_ORIGINAL) VALUES(3, 'PENDENT', 'Pendent', SYSDATE, NULL, NULL, 'MIGRACIO', NULL, NULL, NULL, NULL, NULL);
        
  
  COMMIT;
  END;
  
  
  PROCEDURE A0_DM_RAO IS
  BEGIN
  
    INSERT INTO A0_DM_RAO (ID, DESCRIPCIO, DATA_CREACIO, DATA_ESBORRAT, DATA_MODIFICACIO, USUARI_CREACIO, USUARI_ESBORRAT, USUARI_MODIFICACIO, ESTAT_TRUCADA_ID, ID_ORIGINAL, ESQUEMA_ORIGINAL, TABLA_ORIGINAL) VALUES(1, 'Altres', SYSDATE, NULL, NULL, 'MIGRACIO', NULL, NULL, 1, NULL, NULL, NULL);
    INSERT INTO A0_DM_RAO (ID, DESCRIPCIO, DATA_CREACIO, DATA_ESBORRAT, DATA_MODIFICACIO, USUARI_CREACIO, USUARI_ESBORRAT, USUARI_MODIFICACIO, ESTAT_TRUCADA_ID, ID_ORIGINAL, ESQUEMA_ORIGINAL, TABLA_ORIGINAL) VALUES(2, 'No es troba disponible el remitent', SYSDATE, NULL, NULL, 'MIGRACIO', NULL, NULL, 1, NULL, NULL, NULL);
    INSERT INTO A0_DM_RAO (ID, DESCRIPCIO, DATA_CREACIO, DATA_ESBORRAT, DATA_MODIFICACIO, USUARI_CREACIO, USUARI_ESBORRAT, USUARI_MODIFICACIO, ESTAT_TRUCADA_ID, ID_ORIGINAL, ESQUEMA_ORIGINAL, TABLA_ORIGINAL) VALUES(3, 'Respon una altra persona', SYSDATE, NULL, NULL, 'MIGRACIO', NULL, NULL, 1, NULL, NULL, NULL);
    INSERT INTO A0_DM_RAO (ID, DESCRIPCIO, DATA_CREACIO, DATA_ESBORRAT, DATA_MODIFICACIO, USUARI_CREACIO, USUARI_ESBORRAT, USUARI_MODIFICACIO, ESTAT_TRUCADA_ID, ID_ORIGINAL, ESQUEMA_ORIGINAL, TABLA_ORIGINAL) VALUES(4, 'Comunica', SYSDATE, NULL, NULL, 'MIGRACIO', NULL, NULL, 1, NULL, NULL, NULL);
            
    INSERT INTO A0_DM_RAO (ID, DESCRIPCIO, DATA_CREACIO, DATA_ESBORRAT, DATA_MODIFICACIO, USUARI_CREACIO, USUARI_ESBORRAT, USUARI_MODIFICACIO, ESTAT_TRUCADA_ID, ID_ORIGINAL, ESQUEMA_ORIGINAL, TABLA_ORIGINAL) VALUES(5, 'Trucada passada al remitent', SYSDATE, NULL, NULL, 'MIGRACIO', NULL, NULL, 2, NULL, NULL, NULL);
    INSERT INTO A0_DM_RAO (ID, DESCRIPCIO, DATA_CREACIO, DATA_ESBORRAT, DATA_MODIFICACIO, USUARI_CREACIO, USUARI_ESBORRAT, USUARI_MODIFICACIO, ESTAT_TRUCADA_ID, ID_ORIGINAL, ESQUEMA_ORIGINAL, TABLA_ORIGINAL) VALUES(6, 'Trucada derivada a un altre telefon de contacte', SYSDATE, NULL, NULL, 'MIGRACIO', NULL, NULL, 2, NULL, NULL, NULL);
    INSERT INTO A0_DM_RAO (ID, DESCRIPCIO, DATA_CREACIO, DATA_ESBORRAT, DATA_MODIFICACIO, USUARI_CREACIO, USUARI_ESBORRAT, USUARI_MODIFICACIO, ESTAT_TRUCADA_ID, ID_ORIGINAL, ESQUEMA_ORIGINAL, TABLA_ORIGINAL) VALUES(7, 'Trucada derivada a un altre telefon de contacte', SYSDATE, NULL, NULL, 'MIGRACIO', NULL, NULL, 2, NULL, NULL, NULL);
    INSERT INTO A0_DM_RAO (ID, DESCRIPCIO, DATA_CREACIO, DATA_ESBORRAT, DATA_MODIFICACIO, USUARI_CREACIO, USUARI_ESBORRAT, USUARI_MODIFICACIO, ESTAT_TRUCADA_ID, ID_ORIGINAL, ESQUEMA_ORIGINAL, TABLA_ORIGINAL) VALUES(8, 'Altres', SYSDATE, NULL, NULL, 'MIGRACIO', NULL, NULL, 2, NULL, NULL, NULL);

  
  
  COMMIT;
  END;
  
  
  
  
  PROCEDURE A0_DM_ARTICLE IS
  BEGIN
  
      Insert into A0_DM_ARTICLE (ID,DESCRIPCIO,DATA_CREACIO,DATA_ESBORRAT,DATA_MODIFICACIO,USUARI_CREACIO,USUARI_ESBORRAT,USUARI_MODIFICACIO, ID_ORIGINAL, ESQUEMA_ORIGINAL, TABLA_ORIGINAL) values ('1','el',SYSDATE,NULL,NULL,'MIGRACIO',NULL,NULL,NULL,NULL,NULL);
      Insert into A0_DM_ARTICLE (ID,DESCRIPCIO,DATA_CREACIO,DATA_ESBORRAT,DATA_MODIFICACIO,USUARI_CREACIO,USUARI_ESBORRAT,USUARI_MODIFICACIO, ID_ORIGINAL, ESQUEMA_ORIGINAL, TABLA_ORIGINAL) values ('2','la',SYSDATE,NULL,NULL,'MIGRACIO',NULL,NULL,NULL,NULL,NULL);
      Insert into A0_DM_ARTICLE (ID,DESCRIPCIO,DATA_CREACIO,DATA_ESBORRAT,DATA_MODIFICACIO,USUARI_CREACIO,USUARI_ESBORRAT,USUARI_MODIFICACIO, ID_ORIGINAL, ESQUEMA_ORIGINAL, TABLA_ORIGINAL) values ('3','en',SYSDATE,NULL,NULL,'MIGRACIO',NULL,NULL,NULL,NULL,NULL);
      Insert into A0_DM_ARTICLE (ID,DESCRIPCIO,DATA_CREACIO,DATA_ESBORRAT,DATA_MODIFICACIO,USUARI_CREACIO,USUARI_ESBORRAT,USUARI_MODIFICACIO, ID_ORIGINAL, ESQUEMA_ORIGINAL, TABLA_ORIGINAL) values ('4','na',SYSDATE,NULL,NULL,'MIGRACIO',NULL,NULL,NULL,NULL,NULL);
      Insert into A0_DM_ARTICLE (ID,DESCRIPCIO,DATA_CREACIO,DATA_ESBORRAT,DATA_MODIFICACIO,USUARI_CREACIO,USUARI_ESBORRAT,USUARI_MODIFICACIO, ID_ORIGINAL, ESQUEMA_ORIGINAL, TABLA_ORIGINAL) values ('5','l''',SYSDATE,NULL,NULL,'MIGRACIO',NULL,NULL,NULL,NULL,NULL);
      Insert into A0_DM_ARTICLE (ID,DESCRIPCIO,DATA_CREACIO,DATA_ESBORRAT,DATA_MODIFICACIO,USUARI_CREACIO,USUARI_ESBORRAT,USUARI_MODIFICACIO, ID_ORIGINAL, ESQUEMA_ORIGINAL, TABLA_ORIGINAL) values ('6','n''',SYSDATE,NULL,NULL,'MIGRACIO',NULL,NULL,NULL,NULL,NULL);
      
  
  
  COMMIT;
  END;
  

-----------------------------------------------------------------
-- TRUCADA
-----------------------------------------------------------------

  PROCEDURE A0_DM_ESTAT_TRUCADA IS
  BEGIN

      Insert into A0_DM_ESTAT_TRUCADA (ID,DESCRIPCIO,DATA_CREACIO,DATA_ESBORRAT,DATA_MODIFICACIO,USUARI_CREACIO,USUARI_ESBORRAT,USUARI_MODIFICACIO,CODI,ID_ORIGINAL, ESQUEMA_ORIGINAL, TABLA_ORIGINAL) 
                  VALUES ('2','Passada',Sysdate,null,null,'MIGRACIO',null,null,'PASSADA',NULL,NULL,NULL);
                  
      Insert into A0_DM_ESTAT_TRUCADA (ID,DESCRIPCIO,DATA_CREACIO,DATA_ESBORRAT,DATA_MODIFICACIO,USUARI_CREACIO,USUARI_ESBORRAT,USUARI_MODIFICACIO,CODI,ID_ORIGINAL, ESQUEMA_ORIGINAL, TABLA_ORIGINAL) 
                  VALUES ('3','Prevista',Sysdate,null,null,'MIGRACIO',null,null,'PREVISTA',NULL,NULL,NULL);
                  
      Insert into A0_DM_ESTAT_TRUCADA (ID,DESCRIPCIO,DATA_CREACIO,DATA_ESBORRAT,DATA_MODIFICACIO,USUARI_CREACIO,USUARI_ESBORRAT,USUARI_MODIFICACIO,CODI,ID_ORIGINAL, ESQUEMA_ORIGINAL, TABLA_ORIGINAL) 
                  VALUES ('1','Pendent',Sysdate,null,null,'MIGRACIO',null,null,'PENDENT',NULL,NULL,NULL);
      
  COMMIT;
  END;

-----------------------------------------------------------------
-- ACTES 
-----------------------------------------------------------------
 PROCEDURE A0_DM_ESTAT_CONFIRMACIO IS
  BEGIN
  
        INSERT INTO A0_DM_ESTAT_CONFIRMACIO (ID, DESCRIPCIO, DATA_CREACIO, DATA_ESBORRAT, DATA_MODIFICACIO, USUARI_CREACIO, USUARI_ESBORRAT, USUARI_MODIFICACIO, ID_ORIGINAL, ESQUEMA_ORIGINAL, TABLA_ORIGINAL)
                    VALUES(1, 'Pendent', SYSDATE, NULL, NULL, 'MIGRACIO', NULL, NULL,NULL,NULL,NULL);
    
        INSERT INTO A0_DM_ESTAT_CONFIRMACIO (ID, DESCRIPCIO, DATA_CREACIO, DATA_ESBORRAT, DATA_MODIFICACIO, USUARI_CREACIO, USUARI_ESBORRAT, USUARI_MODIFICACIO, ID_ORIGINAL, ESQUEMA_ORIGINAL, TABLA_ORIGINAL)
                    VALUES(2, 'Confirmat', SYSDATE, NULL, NULL, 'MIGRACIO', NULL, NULL,NULL,NULL,NULL);
                    
        INSERT INTO A0_DM_ESTAT_CONFIRMACIO (ID, DESCRIPCIO, DATA_CREACIO, DATA_ESBORRAT, DATA_MODIFICACIO, USUARI_CREACIO, USUARI_ESBORRAT, USUARI_MODIFICACIO, ID_ORIGINAL, ESQUEMA_ORIGINAL, TABLA_ORIGINAL)
                    VALUES(3, 'Delegat', SYSDATE, NULL, NULL, 'MIGRACIO', NULL, NULL,NULL,NULL,NULL);
                    
        INSERT INTO A0_DM_ESTAT_CONFIRMACIO (ID, DESCRIPCIO, DATA_CREACIO, DATA_ESBORRAT, DATA_MODIFICACIO, USUARI_CREACIO, USUARI_ESBORRAT, USUARI_MODIFICACIO, ID_ORIGINAL, ESQUEMA_ORIGINAL, TABLA_ORIGINAL)
                    VALUES(4, 'Rebutjat', SYSDATE, NULL, NULL, 'MIGRACIO', NULL, NULL,NULL,NULL,NULL);
     
                    
  COMMIT;
  END;
  
  PROCEDURE A0_DM_TIPUS_VIA_INVITACIO IS
  BEGIN
  
            INSERT INTO A0_DM_TIPUS_VIA_INVITACIO (ID, DESCRIPCIO, DATA_CREACIO, DATA_ESBORRAT, DATA_MODIFICACIO, USUARI_CREACIO, USUARI_ESBORRAT, USUARI_MODIFICACIO, ID_ORIGINAL, ESQUEMA_ORIGINAL, TABLA_ORIGINAL)
                        VALUES(1, 'INVITACIÓ TIPUS 1', SYSDATE,  NULL, NULL, 'MIGRACIO', NULL, NULL,NULL,NULL,NULL);
        
            INSERT INTO A0_DM_TIPUS_VIA_INVITACIO (ID, DESCRIPCIO, DATA_CREACIO, DATA_ESBORRAT, DATA_MODIFICACIO, USUARI_CREACIO, USUARI_ESBORRAT, USUARI_MODIFICACIO, ID_ORIGINAL, ESQUEMA_ORIGINAL, TABLA_ORIGINAL)
                        VALUES(2, 'INVITACIÓ TIPUS 2', SYSDATE,  NULL, NULL, 'MIGRACIO', NULL, NULL,NULL,NULL,NULL);        
        
            INSERT INTO A0_DM_TIPUS_VIA_INVITACIO (ID, DESCRIPCIO, DATA_CREACIO, DATA_ESBORRAT, DATA_MODIFICACIO, USUARI_CREACIO, USUARI_ESBORRAT, USUARI_MODIFICACIO, ID_ORIGINAL, ESQUEMA_ORIGINAL, TABLA_ORIGINAL)
                        VALUES(3, 'INVITACIÓ TIPUS 3', SYSDATE,  NULL, NULL, 'MIGRACIO', NULL, NULL,NULL,NULL,NULL);
          
            INSERT INTO A0_DM_TIPUS_VIA_INVITACIO (ID, DESCRIPCIO, DATA_CREACIO, DATA_ESBORRAT, DATA_MODIFICACIO, USUARI_CREACIO, USUARI_ESBORRAT, USUARI_MODIFICACIO, ID_ORIGINAL, ESQUEMA_ORIGINAL, TABLA_ORIGINAL)
                        VALUES(4, 'INVITACIÓ TIPUS 4', SYSDATE,  NULL, NULL, 'MIGRACIO', NULL, NULL,NULL,NULL,NULL);

  
  COMMIT;
  END;
  
  
  
  PROCEDURE A0_DM_INICIATIVA_RESPOSTA IS
  BEGIN
  
        INSERT INTO A0_DM_INICIATIVA_RESPOSTA (ID, DESCRIPCIO, DATA_CREACIO, DATA_ESBORRAT, DATA_MODIFICACIO, USUARI_CREACIO, USUARI_ESBORRAT, USUARI_MODIFICACIO, ID_ORIGINAL, ESQUEMA_ORIGINAL, TABLA_ORIGINAL)
                    VALUES(1, 'Convidat', SYSDATE,  NULL, NULL, 'MIGRACIO', NULL, NULL,NULL,NULL,NULL);

        INSERT INTO A0_DM_INICIATIVA_RESPOSTA (ID, DESCRIPCIO, DATA_CREACIO, DATA_ESBORRAT, DATA_MODIFICACIO, USUARI_CREACIO, USUARI_ESBORRAT, USUARI_MODIFICACIO, ID_ORIGINAL, ESQUEMA_ORIGINAL, TABLA_ORIGINAL)
                    VALUES(2, 'Alcaldía', SYSDATE,  NULL, NULL, 'MIGRACIO', NULL, NULL,NULL,NULL,NULL);


  COMMIT;
  END;
  
  
  PROCEDURE A0_DM_TIPUS_VIA_RESPOSTA IS
  BEGIN
  
      INSERT INTO A0_DM_TIPUS_VIA_RESPOSTA (ID, DESCRIPCIO, DATA_CREACIO, DATA_ESBORRAT, DATA_MODIFICACIO, USUARI_CREACIO, USUARI_ESBORRAT, USUARI_MODIFICACIO)
                VALUES(1, 'VIA RESPOSTA 1', SYSDATE,  NULL, NULL, 'MIGRACIO', NULL, NULL);

      INSERT INTO A0_DM_TIPUS_VIA_RESPOSTA (ID, DESCRIPCIO, DATA_CREACIO, DATA_ESBORRAT, DATA_MODIFICACIO, USUARI_CREACIO, USUARI_ESBORRAT, USUARI_MODIFICACIO)
                VALUES(2, 'VIA RESPOSTA 2', SYSDATE,  NULL, NULL, 'MIGRACIO', NULL, NULL);
  
      INSERT INTO A0_DM_TIPUS_VIA_RESPOSTA (ID, DESCRIPCIO, DATA_CREACIO, DATA_ESBORRAT, DATA_MODIFICACIO, USUARI_CREACIO, USUARI_ESBORRAT, USUARI_MODIFICACIO)
                VALUES(3, 'VIA RESPOSTA 3', SYSDATE,  NULL, NULL, 'MIGRACIO', NULL, NULL);
  
  COMMIT;
  END;
  
  
  --GESTIÓN DE ESTADO DE LA INVITACION
    --OJO, LOS DATOS DEL CATÁLOGO SE PODRÍAN SACAR DE VIPS_ACTES (CAMPO ASSITIR)
   PROCEDURE A0_DM_ESTAT_GESTIO_INVITACIO IS
   BEGIN
   
   
        INSERT INTO A0_DM_ESTAT_GESTIO_INVITACIO (ID, DESCRIPCIO, DATA_CREACIO, DATA_ESBORRAT, DATA_MODIFICACIO, USUARI_CREACIO, USUARI_ESBORRAT, USUARI_MODIFICACIO,CODI, ID_ORIGINAL, ESQUEMA_ORIGINAL, TABLA_ORIGINAL,ORDRE_TRAMITACIO)
                    VALUES(1, 'Selecció', SYSDATE,  NULL, NULL, 'MIGRACIO', NULL, NULL,'SELECCIO',NULL,NULL,NULL,1);


      INSERT INTO A0_DM_ESTAT_GESTIO_INVITACIO (ID, DESCRIPCIO, DATA_CREACIO, DATA_ESBORRAT, DATA_MODIFICACIO, USUARI_CREACIO, USUARI_ESBORRAT, USUARI_MODIFICACIO,CODI, ID_ORIGINAL, ESQUEMA_ORIGINAL, TABLA_ORIGINAL,ORDRE_TRAMITACIO)
                  VALUES(2, 'Convocatoria', SYSDATE,  NULL, NULL, 'MIGRACIO', NULL, NULL,'CONVOCATORIA',NULL,NULL,NULL,2);
  
      INSERT INTO A0_DM_ESTAT_GESTIO_INVITACIO (ID, DESCRIPCIO, DATA_CREACIO, DATA_ESBORRAT, DATA_MODIFICACIO, USUARI_CREACIO, USUARI_ESBORRAT, USUARI_MODIFICACIO,CODI, ID_ORIGINAL, ESQUEMA_ORIGINAL, TABLA_ORIGINAL,ORDRE_TRAMITACIO)
                VALUES(3, 'Confirmació', SYSDATE,  NULL, NULL, 'MIGRACIO', NULL, NULL,'CONFIRMACIO',NULL,NULL,NULL,3);
        
       INSERT INTO A0_DM_ESTAT_GESTIO_INVITACIO (ID, DESCRIPCIO, DATA_CREACIO, DATA_ESBORRAT, DATA_MODIFICACIO, USUARI_CREACIO, USUARI_ESBORRAT, USUARI_MODIFICACIO,CODI, ID_ORIGINAL, ESQUEMA_ORIGINAL, TABLA_ORIGINAL,ORDRE_TRAMITACIO)
                VALUES(4, 'Assistencia', SYSDATE,  NULL, NULL, 'MIGRACIO', NULL, NULL,'ASSISTENCIA',NULL,NULL,NULL,4); 
   
   COMMIT;
   END;
  
      --GESTIÓN DE ESTADO DEL ESPACIO    
   PROCEDURE A0_DM_ESTAT_GESTIO_ESPAIS IS
   BEGIN
   
   
      INSERT INTO A0_DM_ESTAT_GESTIO_ESPAIS (ID, DESCRIPCIO, DATA_CREACIO, DATA_ESBORRAT, DATA_MODIFICACIO, USUARI_CREACIO, USUARI_ESBORRAT, USUARI_MODIFICACIO, ID_ORIGINAL, ESQUEMA_ORIGINAL, TABLA_ORIGINAL)
                VALUES(1, 'Ple', SYSDATE,  NULL, NULL, 'MIGRACIO', NULL, NULL,NULL,NULL,NULL);


      INSERT INTO A0_DM_ESTAT_GESTIO_ESPAIS (ID, DESCRIPCIO, DATA_CREACIO, DATA_ESBORRAT, DATA_MODIFICACIO, USUARI_CREACIO, USUARI_ESBORRAT, USUARI_MODIFICACIO, ID_ORIGINAL, ESQUEMA_ORIGINAL, TABLA_ORIGINAL)
                VALUES(2, 'Espai disponible', SYSDATE,  NULL, NULL, 'MIGRACIO', NULL, NULL,NULL,NULL,NULL);        
   
   COMMIT;
   END;


PROCEDURE A0_DM_ESTAT_ELEMENT IS
   BEGIN
   
       INSERT INTO A0_DM_ESTAT_ELEMENT (ID, DESCRIPCIO, DATA_CREACIO, DATA_MODIFICACIO, DATA_ESBORRAT, USUARI_CREACIO, USUARI_MODIFICACIO, USUARI_ESBORRAT, AMBIT_ID, ID_ORIGINAL, ESQUEMA_ORIGINAL, TABLA_ORIGINAL, INSTALACIOID, CODI)
               VALUES(1, 'Gestió', Sysdate, NULL, NULL, ConstUsuari_CREACIO, NULL, NULL, 1, NULL, NULL, NULL, NULL, 'GESTIO');
   
   
       INSERT INTO A0_DM_ESTAT_ELEMENT (ID, DESCRIPCIO, DATA_CREACIO, DATA_MODIFICACIO, DATA_ESBORRAT, USUARI_CREACIO, USUARI_MODIFICACIO, USUARI_ESBORRAT, AMBIT_ID, ID_ORIGINAL, ESQUEMA_ORIGINAL, TABLA_ORIGINAL, INSTALACIOID, CODI)
               VALUES(2, 'Conclusió', Sysdate, NULL, NULL, ConstUsuari_CREACIO, NULL, NULL, 1, NULL, NULL, NULL, NULL, 'CONCLUSIO');
               
       INSERT INTO A0_DM_ESTAT_ELEMENT (ID, DESCRIPCIO, DATA_CREACIO, DATA_MODIFICACIO, DATA_ESBORRAT, USUARI_CREACIO, USUARI_MODIFICACIO, USUARI_ESBORRAT, AMBIT_ID, ID_ORIGINAL, ESQUEMA_ORIGINAL, TABLA_ORIGINAL, INSTALACIOID, CODI)
               VALUES(3, 'Distribució', Sysdate, NULL, NULL, ConstUsuari_CREACIO, NULL, NULL, 1, NULL, NULL, NULL, NULL, 'DISTRIBUCIO');
               
       INSERT INTO A0_DM_ESTAT_ELEMENT (ID, DESCRIPCIO, DATA_CREACIO, DATA_MODIFICACIO, DATA_ESBORRAT, USUARI_CREACIO, USUARI_MODIFICACIO, USUARI_ESBORRAT, AMBIT_ID, ID_ORIGINAL, ESQUEMA_ORIGINAL, TABLA_ORIGINAL, INSTALACIOID, CODI)
               VALUES(4, 'Registre', Sysdate, NULL, NULL, ConstUsuari_CREACIO, NULL, NULL, 1, NULL, NULL, NULL, NULL, 'REGISTRE');
        
         

   COMMIT;
   END;


END Z_A01_INSERTS_CATALOGOS;

/
